"SITMAP","sites"
5249,1
5259,1
5356,1
5645,1
5667,1
5749,1
5769,1
5868,1
6041,1
6043,1
6058,1
6065,1
6069,1
6262,1
6263,1
6275,1
6345,1
6354,1
6359,1
6360,1
6362,1
6363,1
6459,1
6552,1
6744,1
6853,1
6860,1
6861,1
6948,1
6950,1
6953,1
6961,1
6974,1
7155,1
5251,2
5351,2
5360,2
5445,2
5567,2
5641,2
5668,2
5757,2
5768,2
5944,2
5960,2
5974,2
6050,2
6056,2
6067,2
6070,2
6150,2
6246,2
6249,2
6258,2
6268,2
6448,2
6460,2
6476,2
6560,2
6568,2
6669,2
6670,2
6767,2
6863,2
6873,2
6952,2
7073,2
7249,2
7354,2
7454,2
4956,3
5652,3
5653,3
5655,3
5669,3
5752,3
5772,3
5851,3
5853,3
5856,3
5872,3
5945,3
6075,3
6143,3
6165,3
6347,3
6368,3
6369,3
6370,3
6451,3
6463,3
6471,3
6541,3
6576,3
6660,3
6671,3
6760,3
6762,3
6851,3
6864,3
6960,3
6971,3
7049,3
7250,3
5053,4
5055,4
5257,4
5546,4
5552,4
5952,4
5970,4
6042,4
6074,4
6156,4
6160,4
6161,4
6250,4
6367,4
6371,4
6461,4
6665,4
6672,4
6759,4
6865,4
6870,4
6949,4
7053,4
7350,4
5258,5
5347,5
5358,5
5447,5
5553,5
5755,5
5770,5
5846,5
5867,5
5870,5
5957,5
6051,5
6158,5
6169,5
6251,5
6271,5
6276,5
6352,5
6465,5
6561,5
6569,5
6571,5
6572,5
6676,5
7050,5
7052,5
7452,5
5153,6
5256,6
5348,6
5545,6
5557,6
5558,6
5568,6
5972,6
6048,6
6055,6
6060,6
6066,6
6153,6
6167,6
6174,6
6260,6
6269,6
6348,6
6349,6
6462,6
6470,6
6474,6
6659,6
6664,6
6766,6
6770,6
6874,6
7154,6
7353,6
5446,7
5456,7
5656,7
5753,7
5847,7
6049,7
6351,7
6373,7
6450,7
6573,7
6761,7
6773,7
5349,8
5361,8
5843,8
5850,8
5943,8
5951,8
5953,8
6057,8
6059,8
6147,8
6255,8
6366,8
6443,8
6475,8
6562,8
6658,8
6675,8
6871,8
6973,8
7072,8
7171,8
7451,8
5741,9
5949,9
5954,9
6072,9
6243,9
6265,9
6273,9
6350,9
6374,9
6559,9
6574,9
7169,9
7252,9
7352,9
5152,10
5252,10
5357,10
5455,10
5640,10
5758,10
5771,10
5854,10
5866,10
5950,10
5967,10
5971,10
6154,10
6159,10
6261,10
6264,10
6564,10
6674,10
6872,10
7251,10
5056,11
5359,11
5453,11
5841,11
6054,11
6565,11
6566,11
5154,12
5255,12
5457,12
5642,12
5643,12
5740,12
5946,12
6151,12
6171,12
6173,12
6267,12
6372,12
6442,12
6473,12
6567,12
6772,12
5355,13
5459,13
5857,13
7170,13
7253,13
7254,13
5454,14
5745,14
5871,14
5942,14
6356,14
6771,14
5155,15
5554,15
5556,15
6052,15
6071,15
6152,15
6170,15
6175,15
6245,15
6254,15
6266,15
6464,15
6466,15
6563,15
6972,15
7153,15
5156,16
5842,16
6053,16
6272,16
6543,16
7152,16
7351,16
5253,17
5849,17
6149,17
6274,17
6358,17
6472,17
5458,18
5754,18
5845,18
5855,18
5948,18
6166,18
6172,18
6357,18
6645,18
6244,19
6270,19
6449,19
5352,20
6643,20
5353,21
5848,21
6157,22
6257,22
6544,22
7070,22
6155,23
6558,23
6365,24
6542,24
6545,24
5254,25
5644,25
5744,25
6073,25
6146,25
5555,26
5844,26
5742,27
6666,28
7069,30
7151,30
5947,32
5354,33
5743,33
6644,33
6575,36
6247,41
6444,41
6148,45
7051,48
5250,49
6774,49
6445,78
